{
    "backup_type": "manual",
    "timestamp": "20250310_122603",
    "created_at": "2025-03-10 12:26:03",
    "database_size": 45056,
    "backup_hash": "99e5ca7eec834ddbb1244b65ffa3d789aa687dbe99caebce3cacf7ee09e3b487",
    "schema": {
        "users": {
            "columns": [
                {
                    "name": "id",
                    "type": "INTEGER"
                },
                {
                    "name": "username",
                    "type": "TEXT"
                },
                {
                    "name": "email",
                    "type": "TEXT"
                },
                {
                    "name": "password",
                    "type": "TEXT"
                },
                {
                    "name": "full_name",
                    "type": "TEXT"
                },
                {
                    "name": "bio",
                    "type": "TEXT"
                },
                {
                    "name": "profile_pic",
                    "type": "TEXT"
                },
                {
                    "name": "location",
                    "type": "TEXT"
                },
                {
                    "name": "website",
                    "type": "TEXT"
                },
                {
                    "name": "is_admin",
                    "type": "BOOLEAN"
                },
                {
                    "name": "is_verified",
                    "type": "BOOLEAN"
                },
                {
                    "name": "can_create_team",
                    "type": "BOOLEAN"
                },
                {
                    "name": "is_banned",
                    "type": "BOOLEAN"
                },
                {
                    "name": "tier",
                    "type": "TEXT"
                },
                {
                    "name": "nethpot_tier",
                    "type": "TEXT"
                },
                {
                    "name": "nethpot_notes",
                    "type": "TEXT"
                },
                {
                    "name": "uhc_tier",
                    "type": "TEXT"
                },
                {
                    "name": "uhc_notes",
                    "type": "TEXT"
                },
                {
                    "name": "cpvp_tier",
                    "type": "TEXT"
                },
                {
                    "name": "cpvp_notes",
                    "type": "TEXT"
                },
                {
                    "name": "sword_tier",
                    "type": "TEXT"
                },
                {
                    "name": "sword_notes",
                    "type": "TEXT"
                },
                {
                    "name": "smp_tier",
                    "type": "TEXT"
                },
                {
                    "name": "smp_notes",
                    "type": "TEXT"
                },
                {
                    "name": "axe_tier",
                    "type": "TEXT"
                },
                {
                    "name": "npot_tier",
                    "type": "TEXT"
                },
                {
                    "name": "profile_music",
                    "type": "TEXT"
                },
                {
                    "name": "created_at",
                    "type": "TIMESTAMP"
                },
                {
                    "name": "updated_at",
                    "type": "TIMESTAMP"
                }
            ],
            "row_count": 1
        },
        "teams": {
            "columns": [
                {
                    "name": "id",
                    "type": "INTEGER"
                },
                {
                    "name": "name",
                    "type": "TEXT"
                },
                {
                    "name": "description",
                    "type": "TEXT"
                },
                {
                    "name": "logo",
                    "type": "TEXT"
                },
                {
                    "name": "points",
                    "type": "INTEGER"
                },
                {
                    "name": "created_at",
                    "type": "TIMESTAMP"
                },
                {
                    "name": "updated_at",
                    "type": "TIMESTAMP"
                }
            ],
            "row_count": 0
        },
        "team_members": {
            "columns": [
                {
                    "name": "id",
                    "type": "INTEGER"
                },
                {
                    "name": "team_id",
                    "type": "INTEGER"
                },
                {
                    "name": "user_id",
                    "type": "INTEGER"
                },
                {
                    "name": "is_leader",
                    "type": "BOOLEAN"
                },
                {
                    "name": "joined_at",
                    "type": "TIMESTAMP"
                }
            ],
            "row_count": 0
        },
        "mail": {
            "columns": [
                {
                    "name": "id",
                    "type": "INTEGER"
                },
                {
                    "name": "sender_id",
                    "type": "INTEGER"
                },
                {
                    "name": "recipient_id",
                    "type": "INTEGER"
                },
                {
                    "name": "subject",
                    "type": "TEXT"
                },
                {
                    "name": "content",
                    "type": "TEXT"
                },
                {
                    "name": "is_read",
                    "type": "BOOLEAN"
                },
                {
                    "name": "mail_type",
                    "type": "TEXT"
                },
                {
                    "name": "related_id",
                    "type": "INTEGER"
                },
                {
                    "name": "sent_at",
                    "type": "TIMESTAMP"
                }
            ],
            "row_count": 0
        }
    }
}